{
  "generated_at": "2026-07-18T04:55:28.378884+00:00",
  "total": 5665,
  "converted": 5665,
  "with_pdf": 5664,
  "pdf_read_ok": 5664,
  "pdf_errors": [],
  "missing_pdf": [
    "procedures/viec-lam/1.014470"
  ],
  "pdf_pages": 33178,
  "pdf_text_chars": 44421310,
  "citeable_fields": 89534,
  "cited_fields": 87168,
  "citation_rate": 0.973574
}
